<?xml version="1.0" encoding="UTF-8"?>
<!DOCTYPE suite SYSTEM "http://testng.org/testng-1.0.dtd">
<suite name="Suite" verbose="10">
	<test name="Test">
		<parameter name="url"
			value="http://96.84.175.78/MMP-Release2-Integrated-Build.6.8.000/" />
		<parameter name="username" value="Selenium" />
		<parameter name="password" value="Project12" />
		<parameter name="expTitle" value="Patient Portal">
		</parameter>
		<parameter name="doctor" value="Dr.Smith"></parameter>
		<parameter name="date" value="06/30/2017"></parameter>
		<parameter name="time" value="11Am"></parameter>
		<parameter name="symptom" value="backpain"></parameter>
		<parameter name="mmpText" value="Manage My Patient (MMP)">
		</parameter>
		<parameter name="subject" value="Not feeling well"></parameter>
		<parameter name="message" value="Need an appointment with Dr."></parameter>
		<parameter name="expMsg" value="Messages Successfully sent.">
		</parameter>
		<parameter name="expFName" value="SeleniumP"></parameter>
		<parameter name="expLName" value="Project"></parameter>
		<parameter name="expLicense" value="12000678"></parameter>
		<parameter name="expSSN" value="809672351"></parameter>
		<parameter name="expZipCode" value="34125"></parameter>
		<parameter name="doctor" value="Dr.Beth" />
		<parameter name="date" value="06/15/2017" />
		<parameter name="tim" value="11Am" />
		<parameter name="symptom" value="Sick" />
		<classes>
			<class name="com.macys.tests.MMPTests" />
		</classes>
	</test> <!-- Test -->
</suite> <!-- Suite -->
